file,genotype,sex,theiler_stage,alternative_stage,ema_link
Shh_female_TS19-1.png,Shh,female,TS19,11.5 dpc,http://www.emouseatlas.org/eAtlasViewer_ema/application/gudmap/expression/EMA207.php
Shh_female_TS19-2.png,Shh,female,TS19,11.5 dpc - early,http://www.emouseatlas.org/eAtlasViewer_ema/application/gudmap/expression/EMA159.php
Shh_female_TS19-3.png,Shh,female,TS19,11.5 dpc - early,http://www.emouseatlas.org/eAtlasViewer_ema/application/gudmap/expression/EMA159.php
Shh_female_TS19-4.png,Shh,female,TS19,11.5 dpc - late,http://www.emouseatlas.org/eAtlasViewer_ema/application/gudmap/expression/EMA212.php
Shh_female_TS19-5.png,Shh,female,TS19,11.5 dpc - late,http://www.emouseatlas.org/eAtlasViewer_ema/application/gudmap/expression/EMA212.php
Shh_female_TS20-1.png,Shh,female,TS20,12.5 dpc,http://www.emouseatlas.org/eAtlasViewer_ema/application/gudmap/expression/EMA181.php
Shh_female_TS20-2.png,Shh,female,TS20,12.5 dpc - normal,http://www.emouseatlas.org/eAtlasViewer_ema/application/gudmap/expression/EMA181.php
Shh_female_TS20-3.png,Shh,female,TS20,12.5 dpc - normal,http://www.emouseatlas.org/eAtlasViewer_ema/application/gudmap/expression/EMA181.php
Shh_female_TS20-4.png,Shh,female,TS20,12.5 dpc - normal,http://www.emouseatlas.org/eAtlasViewer_ema/application/gudmap/expression/EMA181.php
Shh_female_TS20-5.png,Shh,female,TS20,12.5 dpc - early,http://www.emouseatlas.org/eAtlasViewer_ema/application/gudmap/expression/EMA179.php
Shh_female_TS20-6.png,Shh,female,TS20,12.5 dpc - early,http://www.emouseatlas.org/eAtlasViewer_ema/application/gudmap/expression/EMA179.php
Shh_female_TS20-7.png,Shh,female,TS20,12.5 dpc - late,http://www.emouseatlas.org/eAtlasViewer_ema/application/gudmap/expression/EMA182.php
Shh_female_TS21-1.png,Shh,female,TS21,13.5 dpc,http://www.emouseatlas.org/eAtlasViewer_ema/application/gudmap/expression/EMA161.php
Shh_female_TS21-2.png,Shh,female,TS21,13.5 dpc - normal,http://www.emouseatlas.org/eAtlasViewer_ema/application/gudmap/expression/EMA161.php
Shh_female_TS21-3.png,Shh,female,TS21,13.5 dpc - early,http://www.emouseatlas.org/eAtlasViewer_ema/application/gudmap/expression/EMA209.php
Shh_female_TS21-4.png,Shh,female,TS21,13.5 dpc - early,http://www.emouseatlas.org/eAtlasViewer_ema/application/gudmap/expression/EMA209.php
Shh_female_TS21-5.png,Shh,female,TS21,13.5 dpc - late,http://www.emouseatlas.org/eAtlasViewer_ema/application/gudmap/expression/EMA185.php
Shh_female_TS21-6.png,Shh,female,TS21,13.5 dpc - late,http://www.emouseatlas.org/eAtlasViewer_ema/application/gudmap/expression/EMA185.php
Shh_female_TS22-1.png,Shh,female,TS22,14.5 dpc,http://www.emouseatlas.org/eAtlasViewer_ema/application/gudmap/expression/EMA206.php
Shh_female_TS22-2.png,Shh,female,TS22,14.5 dpc - early,http://www.emouseatlas.org/eAtlasViewer_ema/application/gudmap/expression/EMA210.php
Shh_female_TS22-3.png,Shh,female,TS22,14.5 dpc - early,http://www.emouseatlas.org/eAtlasViewer_ema/application/gudmap/expression/EMA210.php
Shh_female_TS22-4.png,Shh,female,TS22,14.5 dpc - late,http://www.emouseatlas.org/eAtlasViewer_ema/application/gudmap/expression/EMA170.php
Shh_female_TS22-5.png,Shh,female,TS22,14.5 dpc - late,http://www.emouseatlas.org/eAtlasViewer_ema/application/gudmap/expression/EMA170.php
Shh_female_TS23-1.png,Shh,female,TS23,15.5 dpc,http://www.emouseatlas.org/eAtlasViewer_ema/application/gudmap/expression/EMA164.php
Shh_female_TS23-2.png,Shh,female,TS23,15.5 dpc - normal,http://www.emouseatlas.org/eAtlasViewer_ema/application/gudmap/expression/EMA164.php
Shh_female_TS23-3.png,Shh,female,TS23,15.5 dpc - normal,http://www.emouseatlas.org/eAtlasViewer_ema/application/gudmap/expression/EMA164.php
Shh_female_TS23-4.png,Shh,female,TS23,15.5 dpc - normal,http://www.emouseatlas.org/eAtlasViewer_ema/application/gudmap/expression/EMA164.php
Shh_female_TS23-5.png,Shh,female,TS23,15.5 dpc - early,http://www.emouseatlas.org/eAtlasViewer_ema/application/gudmap/expression/EMA208.php
Shh_female_TS23-6.png,Shh,female,TS23,15.5 dpc - late,http://www.emouseatlas.org/eAtlasViewer_ema/application/gudmap/expression/EMA198.php
Shh_female_TS24-1.png,Shh,female,TS24,16.5 dpc,http://www.emouseatlas.org/eAtlasViewer_ema/application/gudmap/expression/EMA217.php
Shh_female_TS24-2.png,Shh,female,TS24,16.5 dpc - normal,http://www.emouseatlas.org/eAtlasViewer_ema/application/gudmap/expression/EMA217.php
Shh_female_TS24-3.png,Shh,female,TS24,15.5 dpc - early,http://www.emouseatlas.org/eAtlasViewer_ema/application/gudmap/expression/EMA196.php
Shh_female_TS24-4.png,Shh,female,TS24,15.5 dpc - late,http://www.emouseatlas.org/eAtlasViewer_ema/application/gudmap/expression/EMA199.php
Shh_female_TS25-1.png,Shh,female,TS25,17.5 dpc,http://www.emouseatlas.org/eAtlasViewer_ema/application/gudmap/expression/EMA211.php
Shh_female_TS25-2.png,Shh,female,TS25,17.5 dpc - normal,http://www.emouseatlas.org/eAtlasViewer_ema/application/gudmap/expression/EMA211.php
Shh_female_TS25-3.png,Shh,female,TS25,17.5 dpc - early,http://www.emouseatlas.org/eAtlasViewer_ema/application/gudmap/expression/EMA201.php
Shh_male_TS19-1.png,Shh,male,TS19,11.5 dpc,http://www.emouseatlas.org/eAtlasViewer_ema/application/gudmap/expression/EMA158.php
Shh_male_TS19-2.png,Shh,male,TS19,11.5 dpc - normal,http://www.emouseatlas.org/eAtlasViewer_ema/application/gudmap/expression/EMA158.php
Shh_male_TS19-3.png,Shh,male,TS19,11.5 dpc -early,http://www.emouseatlas.org/eAtlasViewer_ema/application/gudmap/expression/EMA213.php
Shh_male_TS19-4.png,Shh,male,TS19,11.5 dpc -early,http://www.emouseatlas.org/eAtlasViewer_ema/application/gudmap/expression/EMA213.php
Shh_male_TS19-5.png,Shh,male,TS19,11.5 dpc - late,http://www.emouseatlas.org/eAtlasViewer_ema/application/gudmap/expression/EMA216.php
Shh_male_TS19-6.png,Shh,male,TS19,11.5 dpc - late,http://www.emouseatlas.org/eAtlasViewer_ema/application/gudmap/expression/EMA216.php
Shh_male_TS20-1.png,Shh,male,TS20,12.5 dpc,http://www.emouseatlas.org/eAtlasViewer_ema/application/gudmap/expression/EMA178.php
Shh_male_TS20-2.png,Shh,male,TS20,12.5 dpc - normal,http://www.emouseatlas.org/eAtlasViewer_ema/application/gudmap/expression/EMA178.php
Shh_male_TS20-3.png,Shh,male,TS20,12.5 dpc - normal,http://www.emouseatlas.org/eAtlasViewer_ema/application/gudmap/expression/EMA178.php
Shh_male_TS20-4.png,Shh,male,TS20,12.5 dpc - early,http://www.emouseatlas.org/eAtlasViewer_ema/application/gudmap/expression/EMA214.php
Shh_male_TS20-5.png,Shh,male,TS20,12.5 dpc - early,http://www.emouseatlas.org/eAtlasViewer_ema/application/gudmap/expression/EMA214.php
Shh_male_TS20-6.png,Shh,male,TS20,12.5 dpc - late,http://www.emouseatlas.org/eAtlasViewer_ema/application/gudmap/expression/EMA215.php
Shh_male_TS20-7.png,Shh,male,TS20,12.5 dpc - late,http://www.emouseatlas.org/eAtlasViewer_ema/application/gudmap/expression/EMA215.php
Shh_male_TS21-1.png,Shh,male,TS21,13.5 dpc,http://www.emouseatlas.org/eAtlasViewer_ema/application/gudmap/expression/EMA160.php
Shh_male_TS21-2.png,Shh,male,TS21,13.5 dpc - normal,http://www.emouseatlas.org/eAtlasViewer_ema/application/gudmap/expression/EMA160.php
Shh_male_TS21-3.png,Shh,male,TS21,13.5 dpc - late,http://www.emouseatlas.org/eAtlasViewer_ema/application/gudmap/expression/EMA183.php
Shh_male_TS21-4.png,Shh,male,TS21,13.5 dpc - late,http://www.emouseatlas.org/eAtlasViewer_ema/application/gudmap/expression/EMA183.php
Shh_male_TS21-5.png,Shh,male,TS21,13.5 dpc - late,http://www.emouseatlas.org/eAtlasViewer_ema/application/gudmap/expression/EMA184.php
Shh_male_TS21-6.png,Shh,male,TS21,13.5 dpc - late,http://www.emouseatlas.org/eAtlasViewer_ema/application/gudmap/expression/EMA184.php
Shh_male_TS22-1.png,Shh,male,TS22,14.5 dpc,http://www.emouseatlas.org/eAtlasViewer_ema/application/gudmap/expression/EMA169.php
Shh_male_TS22-2.png,Shh,male,TS22,14.5 dpc - normal,http://www.emouseatlas.org/eAtlasViewer_ema/application/gudmap/expression/EMA169.php
Shh_male_TS22-3.png,Shh,male,TS22,14.5 dpc - early,http://www.emouseatlas.org/eAtlasViewer_ema/application/gudmap/expression/EMA202.php
Shh_male_TS22-4.png,Shh,male,TS22,14.5 dpc - late,http://www.emouseatlas.org/eAtlasViewer_ema/application/gudmap/expression/EMA188.php
Shh_male_TS22-5.png,Shh,male,TS22,14.5 dpc - late,http://www.emouseatlas.org/eAtlasViewer_ema/application/gudmap/expression/EMA188.php
Shh_male_TS23-1.png,Shh,male,TS23,15.5 dpc,http://www.emouseatlas.org/eAtlasViewer_ema/application/gudmap/expression/EMA171.php
Shh_male_TS23-2.png,Shh,male,TS23,15.5 dpc - normal,http://www.emouseatlas.org/eAtlasViewer_ema/application/gudmap/expression/EMA171.php
Shh_male_TS23-3.png,Shh,male,TS23,15.5 dpc - normal,http://www.emouseatlas.org/eAtlasViewer_ema/application/gudmap/expression/EMA171.php
Shh_male_TS23-4.png,Shh,male,TS23,15.5 dpc - early,http://www.emouseatlas.org/eAtlasViewer_ema/application/gudmap/expression/EMA203.php
Shh_male_TS23-5.png,Shh,male,TS23,15.5 dpc - late,http://www.emouseatlas.org/eAtlasViewer_ema/application/gudmap/expression/EMA204.php
Shh_male_TS24-1.png,Shh,male,TS24,16.5 dpc,http://www.emouseatlas.org/eAtlasViewer_ema/application/gudmap/expression/EMA163.php
Shh_male_TS24-2.png,Shh,male,TS24,16.5 dpc - normal,http://www.emouseatlas.org/eAtlasViewer_ema/application/gudmap/expression/EMA163.php
Shh_male_TS24-3.png,Shh,male,TS24,16.5 dpc - normal,http://www.emouseatlas.org/eAtlasViewer_ema/application/gudmap/expression/EMA163.php
Shh_male_TS24-4.png,Shh,male,TS24,15.5 dpc - early,http://www.emouseatlas.org/eAtlasViewer_ema/application/gudmap/expression/EMA186.php
Shh_male_TS24-5.png,Shh,male,TS24,15.5 dpc - early,http://www.emouseatlas.org/eAtlasViewer_ema/application/gudmap/expression/EMA186.php
Shh_male_TS24-6.png,Shh,male,TS24,15.5 dpc - early,http://www.emouseatlas.org/eAtlasViewer_ema/application/gudmap/expression/EMA186.php
Shh_male_TS24-7.png,Shh,male,TS24,15.5 dpc - early,http://www.emouseatlas.org/eAtlasViewer_ema/application/gudmap/expression/EMA186.php
Shh_male_TS24-8.png,Shh,male,TS24,15.5 dpc - late,http://www.emouseatlas.org/eAtlasViewer_ema/application/gudmap/expression/EMA197.php
Shh_male_TS25-1.png,Shh,male,TS25,17.5 dpc,http://www.emouseatlas.org/eAtlasViewer_ema/application/gudmap/expression/EMA193.php
Shh_male_TS25-2.png,Shh,male,TS25,17.5 dpc - normal,http://www.emouseatlas.org/eAtlasViewer_ema/application/gudmap/expression/EMA193.php
Shh_male_TS25-3.png,Shh,male,TS25,17.5 dpc - normal,http://www.emouseatlas.org/eAtlasViewer_ema/application/gudmap/expression/EMA193.php
Shh_male_TS25-4.png,Shh,male,TS25,17.5 dpc - early,http://www.emouseatlas.org/eAtlasViewer_ema/application/gudmap/expression/EMA172.php
Shh_male_TS25-5.png,Shh,male,TS25,17.5 dpc - early,http://www.emouseatlas.org/eAtlasViewer_ema/application/gudmap/expression/EMA172.php
Shh_male_TS25-6.png,Shh,male,TS25,17.5 dpc - early,http://www.emouseatlas.org/eAtlasViewer_ema/application/gudmap/expression/EMA172.php
Shh_male_TS25-7.png,Shh,male,TS25,17.5 dpc - early,http://www.emouseatlas.org/eAtlasViewer_ema/application/gudmap/expression/EMA172.php
Shh_male_TS25-8.png,Shh,male,TS25,17.5 dpc - late,http://www.emouseatlas.org/eAtlasViewer_ema/application/gudmap/expression/EMA194.php
Shh_male_TS25-9.png,Shh,male,TS25,17.5 dpc - late,http://www.emouseatlas.org/eAtlasViewer_ema/application/gudmap/expression/EMA194.php
WT_female_TS19-1.png,WT,female,TS19,11.5 dpc,http://www.emouseatlas.org/eAtlasViewer_ema/application/gudmap/expression/EMA151.php
WT_female_TS19-2.png,WT,female,TS19,11.5 dpc- early,http://www.emouseatlas.org/eAtlasViewer_ema/application/gudmap/expression/EMA174.php
WT_female_TS20-1.png,WT,female,TS20,12.5 dpc,http://www.emouseatlas.org/eAtlasViewer_ema/application/gudmap/expression/EMA180.php
WT_female_TS21-1.png,WT,female,TS21,13.5 dpc,http://www.emouseatlas.org/eAtlasViewer_ema/application/gudmap/expression/EMA153.php
WT_female_TS22-1.png,WT,female,TS22,14.5 dpc,http://www.emouseatlas.org/eAtlasViewer_ema/application/gudmap/expression/EMA192.php
WT_female_TS23-1.png,WT,female,TS23,15.5 dpc,http://www.emouseatlas.org/eAtlasViewer_ema/application/gudmap/expression/EMA156.php
WT_female_TS23-2.png,WT,female,TS23,15.5 dpc - early,http://www.emouseatlas.org/eAtlasViewer_ema/application/gudmap/expression/EMA191.php
WT_female_TS23-3.png,WT,female,TS23,15.5 dpc - late,http://www.emouseatlas.org/eAtlasViewer_ema/application/gudmap/expression/EMA189.php
WT_female_TS24-1.png,WT,female,TS24,16.5 dpc,http://www.emouseatlas.org/eAtlasViewer_ema/application/gudmap/expression/EMA168.php
WT_female_TS24-2.png,WT,female,TS24,15.5 dpc - late,http://www.emouseatlas.org/eAtlasViewer_ema/application/gudmap/expression/EMA187.php
WT_female_TS25-1.png,WT,female,TS25,17.5 dpc,http://www.emouseatlas.org/eAtlasViewer_ema/application/gudmap/expression/EMA155.php
WT_male_TS19-1.png,WT,male,TS19,11.5 dpc,http://www.emouseatlas.org/eAtlasViewer_ema/application/gudmap/expression/EMA150.php
WT_male_TS19-2.png,WT,male,TS19,11.5 dpc - early,http://www.emouseatlas.org/eAtlasViewer_ema/application/gudmap/expression/EMA195.php
WT_male_TS20-1.png,WT,male,TS20,12.5 dpc,http://www.emouseatlas.org/eAtlasViewer_ema/application/gudmap/expression/EMA176.php
WT_male_TS20-2.png,WT,male,TS20,12.5 dpc - normal,http://www.emouseatlas.org/eAtlasViewer_ema/application/gudmap/expression/EMA176.php
WT_male_TS20-3.png,WT,male,TS20,12.5 dpc - early,http://www.emouseatlas.org/eAtlasViewer_ema/application/gudmap/expression/EMA175.php
WT_male_TS20-4.png,WT,male,TS20,12.5 dpc - late,http://www.emouseatlas.org/eAtlasViewer_ema/application/gudmap/expression/EMA177.php
WT_male_TS20-5.png,WT,male,TS20,12.5 dpc -late,http://www.emouseatlas.org/eAtlasViewer_ema/application/gudmap/expression/EMA177.php
WT_male_TS21-1.png,WT,male,TS21,13.5 dpc,http://www.emouseatlas.org/eAtlasViewer_ema/application/gudmap/expression/EMA152.php
WT_male_TS21-2.png,WT,male,TS21,13.5 dpc - normal,http://www.emouseatlas.org/eAtlasViewer_ema/application/gudmap/expression/EMA152.php
WT_male_TS22-3.png,WT,male,TS22,13.5 dpc - normal,http://www.emouseatlas.org/eAtlasViewer_ema/application/gudmap/expression/EMA152.php
WT_male_TS23-1.png,WT,male,TS23,15.5 dpc,http://www.emouseatlas.org/eAtlasViewer_ema/application/gudmap/expression/EMA157.php
WT_male_TS24-1.png,WT,male,TS24,16.5 dpc,http://www.emouseatlas.org/eAtlasViewer_ema/application/gudmap/expression/EMA167.php
WT_male_TS25-1.png,WT,male,TS25,17.5 dpc,http://www.emouseatlas.org/eAtlasViewer_ema/application/gudmap/expression/EMA154.php